"d4r55","rsqaWe","wiI7pd"
"Bintang Pradani","3 bulan lalu","Masyallah ta barakallah,, bisa dipertemukan di ziarah mbah kolil,, masjid nya bagus banget interiornya sampe kagum,, tapi sayang sekali untuk tempat wudhu dan toilet kotor sekali,, pdhl kalau dirawat dibersihkan pasti akan lebih baikğŸ™‚semoga untuk kebersihan bisa ditingkatkan ya â€¦"
"Ahmad Syeh","4 bulan lalu","Makam waliyullah syaikhona kholil yg penuh barokah, tempat selalu rame peziarah, masjidnya bagus besar ada tempat wudhu khusus pria dan wanita parkiran jg luas."
"Sudiansah Jr","2 minggu lalu","Masjid besar dan bersih, jamaah peziarah banyak, lingkungan asri, sebelah nya banyak tempat jual oleh oleh dan makanan khas Madura , juga barang khas madura, seperti clurit"
"Tatu Faizahh","sebulan lalu","MASYAALLAH dibuat takjub sama pesona Makam syekh Kholil dan Masjidnya di Madura, pedagangnya pun ramai..ingin kesana kembali bersama suami"
"Achmad Noer Cholis","5 bulan lalu","Masjid & Makam Syaikhona Kholil, Bangkalan.
.
Al-'Aalim Al-'Allaamah Asy-Syekh Al-Haajji Muhammad Kholil bin Abdul Lathif â€¦"
"Tri Tiyani","2 bulan lalu","Alhamdulillah diberikah kemudahan untuk datang kesini lagi, dulu pertama kali datang Bulan November 2017 dan kesini lagi pada Januari 2024 bersamaan dengan hadir Haul Malang. Semoga mendapatkan Barokah dari para Wali Allah. Aamiin"
"Febri Nurmawan","3 bulan lalu","Masya Alloh masjid nya penuh, mungkin bertepatan dengan bulan Rajab dan libur nasional"
"eko rudianto","sebulan lalu","Kali pertama kesini 2017, saat MTs itupun nekad... alhamdulillah sangat memberikan ketenangan, masjid yang begitu fenomenal bagi semua peziarah, parkiran luas, fasilitas memadai"
"","",""
"","",""
"","",""
"","",""
"","",""
"","",""
"","",""
"","",""
"","",""
"","",""
"","",""
"","",""
"","",""
"","",""
"","",""
"hosen","2 bulan lalu","Tempatnya megah dan sangat luas, parkir kendaraan roda 2 dan roda 4 terpisah jadi sangat nyaman dan tidak membuat susah untuk masuk, untuk tarif parkir standar seperti tempat wisata religi pada umumnya. Merupakan tempat bersejarah di â€¦"
"Bayu Setyawan","sebulan lalu","Tempat parkir luas ,toilet bersih banyak pedagang khusunya kuliner dan oleh oleh khas madura"
"Candra A Saputra","5 bulan lalu","25 desember 2023 dengan keluarga rombongan zaroh, mrangen
sate ayam 10 tusuk 15.000
teh 5.000
nasi 5.000"
"Dinora Andrian","4 bulan lalu","Muhammad Kholil atau biasa dipanggil Kiai Kholil Bangkalan. Selama hidup, beliau telah menuliskan beberapa kitab yaitu al-Matn asy-SyarÄ«f, al- SilÄh fÄ« BayÄn al-NikÄh, Saâ€™Ädah ad-DÄraini fi as-ShalÄti â€˜Ala an-Nabiyyi ats- Tsaqolaini dan beberapa karya lainnya"
"Roma Hudi","8 bulan lalu","Ruame polllll... pas ada event kliatan e.. lengkap fasilitas mulai parkir, toilet, kamar mandi, dkk. Suasana sakral terasa di sekitar makam syaikhona Kholil. Yang pengen meningkatkan kapasitas spiritual.."
"Mutaakhirin","6 bulan lalu","Tempat mencari berkah dengan jalan wasilah Mbah Kholili Bangkalan.
Tersedia kamar mandi ,toilet, tempat makan juga banyak tersedia dengan berbagai menu. â€¦"
"Harry Soewarna","4 bulan lalu","Alhamdulillah kami sekeluarga bisa ziarah di makam syekhona Kholil bangkalan"
"Reza Pradita","sebulan lalu","tempatnya nyaman masjidnya bagus top buat para peziarah Nusantara."
"Mohammad Alfiqri","4 bulan lalu","Banyak orang ziarah, rame, fasilitas tersedia cukup banyak seperti toilet, kamar mandi, do dekat juga ada oleh oleh."
"Kosn Udin","8 bulan lalu","Kangen ingin ziarah lagi kesana sebenarnya.
Karena sudah 5 tahun yg lalu, September 2018.bersama rombongan kami dan anak lelaki saya bisa sowan ke makam mbah kholil bangkalan. Jujur sungguh bahagia sekali â€¦"
"Khairun Nisa","sebulan lalu","Alhamdulillah masjidnya besar juga disertai dengan arsitektur yang indah kamar mandinya pun bersih jadi nyaman serta bisa melaksanakan shalat sekaligus berziarah ke makam syaikhona ğŸ¤²ğŸ» dan pengunjungnya pun ramai ketika saya berziarah ke sana â€¦"
"Alief Athoillah","setahun lalu","Kalau ke madura wajib mampir ziarah kesini, tabarukan ke mbah kholil, area maqbaroh nya jadi satu dengan area masjid, tempat luas dan memadai. Didukung fasilitas kamar mandi dan toilet yg berada di sisi selatan. Didekat area masjid dan â€¦"
"Djoko Nugroho","11 bulan lalu","Lapangan parkir nya sangat luas sekali dengan banyak warung atau rumah makan di sekelilingnya dan banyak penginapan di sekitarnya.. Jadi dapat membantu yang dari luar kota tuk ziarah ke syekh kholil di bangkalan madura ini.."
"Muhammad Tahir","3 bulan lalu","Yang butuh energi baru bisa datang kesini. Jangan rekomendasi"
"Samara Traveler","11 bulan lalu","Makam beliau berada dalam komplek Masjid. Jadi sambil ziarah bisa sekaligus shalat di sana. Menikmati sate khas madura di seberang jalan. Ada pusat oleh2 juga. Semoga dengan berkah waliyullah, kita diberi keberkahan dan kemudahan hidup dunia dan akhirat. Amin."
"Moes Tika","9 bulan lalu","Wisata religi yang ada di Pulau Madura, ada masjid lengkap dengan kamar mandi. Di sekitarnya juga ada pedagang kaki lima dengan berbagai dagangan. Umumnya barang barang khas Madura seperti sabit, pisau dan lain lain. Ada juga buah buahan dan makanan. Terutama sate juga baju baju adat."
"Bela BASTA Pengrajin Marmer","seminggu lalu","Tempat yang selalu ramai dengan peziarah.
Masjidnya besar dan juga inetriornya sangat bagus. Tempat wudhu pria dan wanita dipisah, tempat parkirnya juga luas."
"Ahmad Muhtarom","setahun lalu","Menurut penuturan Dr. K.H. Abdul Moqsith, Ghazali sebagai Ketua LBM PBNU dan juga dosen tetap di UIN Syarif Hidayatullah, Syaikhona Kholil bukanlah asli orang Madura, karna jika diruntut keatas beliau asalah keturunan Sunan Kudus atau â€¦"
"Indah Lindari","setahun lalu","MasyaAllah salah satu tempat favorit, meskipun harus ditempuh dengan jarak jauh dengan motor tapi sama sekali tidak merasa capek dan malas
Selalu bersemangat ziarah ke makam Syaikhona KholilğŸ˜‡ â€¦"
"Gojek Sepeda","3 bulan lalu","Suana teduh, byk peziarah dr berbagi kota yg dtg,"
"KETOPRAK AJI METRO","4 bulan lalu","Semoga tawassul kita semua mendapatkan ijabah oleh Allah SWT"
"Yulia Fithri","setahun lalu","Wisata religi makam KH. cholil. Tempat luas, ada parkir bis nyaman, banyak pedagang oleh oleh seperti pisau, krupuk, lorjuk dll makanan khas madura lainnya. Masjid luas, tempat wudhu luas, muat banyak orang"
"Ahmad Syarifudin","9 bulan lalu","Kala itu, saya untuk yang pertama kalinya menginjakkan kaki di pulau Madura. Dan tujuan utamanya adalah ke makam Syaikhona Kholil Bangkalan ini. â€¦"
"Misbahul Munir","setahun lalu","Maqbarah Syaikhona Kholil Bangkalan.
ğŸ“Œ Disini saya tidak akan menjelaskan sejarah nya namun lingkungan/keadaan yang ada disekitar Maqbarah. Di halaman masjid, ada tempat untuk sekedar ambil wudhu. â€¦"
"Ryna Setyana","4 bulan lalu","Alhamdulillah bisa sampai sini lagi, berziarah dan wisata religi."
"asraf Iin","3 bulan lalu","Kunjungan peziarah sangar banyak.dan semoga menjadi doa yang barokah.Amiin"
"Fahreeza Abi Raka","9 bulan lalu","Alhamdulillah diberi kesempatan untuk ziarah dan khatmil qur'an ke maqbarah gurunya para wali. Semoga diberi keberkahan."
"Sulistiyo Utomo","8 bulan lalu","Sebaiknya kalau berkunjung ke sini dilaksanakan pada sore - malam hari saja, kalau pagi - siang panas sekali di arena parkirnya, tidak nyaman buat keliling mencari suvenir. Untuk parkir kendaraan mestinya juga ada petugas yang â€¦"
"mux mux","setahun lalu","Makam Syaikhona Muhammad Kholil bin Abdul Lathif, Bangkalan Madura.
Syaikhuna Kholil adalah guru besar dari Hadrotus Syaikh K.H. Muhammad Hasyim, Asy'ari pendiri Jamiyyah Nahdlatul Ulama dan juga Syaikh K.H. Abdul Karim selaku â€¦"
"Binti Isroin","setahun lalu","Makam salah satu wali penyebar agama islam di Indonesia. Sosok ulama yang menjadi guru dari para ulama terutama di daerah Jawa - Madura. Bangunan masjid sangat luas, parkir luas dan memadai, tidak pernah sepi oleh peziarah. Sangat direkomendasikan untuk didatangi"
"Zain Hanif Alfan","5 tahun lalu","Lokasi dekat di ujung kabupaten bangkalan, parkir luas, warga sekitar ramah buat nunjukin jalan ke arah makam, terdapat wc untuk laki-laki dan perempuan, tempat wudhu dan juga makam terletak di dalam masjid di sebelah kanan imam dan biasanya datang rombongan untuk berziarah dari berbagai daerah di Jawa timur"
"AfiLya Cell","setahun lalu","Masjidnya always bersih (ga prnah kecewa klau kesini)
Tempat ziarah yang ga boleh terlewat untuk dikunjungi
Parkiran luas (buat busÂ² sangat luas) â€¦"
"TA.Dharmawangsa Karigamas Indramayu Club 2016 (TA DKI C 2016)","7 bulan lalu","Tempat ke 5 , Wisata Religi Ponpes Uniq Al Ikromiyyah di Makam Syeikhina Mbah Kholil Bangkalan Madura."
"Vall Hana","4 tahun lalu","SubhanaAllah, tempat peristirahatan terakhir dari ulama besar Indonesia. Beliau merupakan salah satu guru dari kakek buyut saya. Terletak di bagian kanan masjid, makam ini selalu ramai dikunjungi para peziarah baik siang maupun malam hari. â€¦"
"May Candra Santosa","6 tahun lalu","tempatnya luas dan megah. parkiran bus luas tapi tidak tertata bahkan cenderung jorok sampah. Banyak digelar lapak jualan pakaian khas madura, makanan khas madura seperti sate, peralatan dapur seperti pisau dll. Area masjidnya luas dan bersih. di dalam masjid megah dan sejuk."
"harryoemarbakrie channel","6 bulan lalu","Lokasi sangat strategis dan penuh berkah dan anugerah. bagi yang ingin berziarah niat yang baik supaya dapat madad dari beliau Syaikh Kholil Bangkalan."
"Beta Surya Pangestu","7 bulan lalu","Tempatnya nyaman,tempat wudhu bagus,parkiran luas"
"Ti Ara","setahun lalu","Alhamdulillah bisa Ziarah Makam Syaikhona Cholil Bangkalan Madura.

Guru besar dari KH.Hasyim Asyari..( Bapak dari Abdurrahman Wahid/Gusdur)"
"Iim Abdullah","9 bulan lalu","Sangat menakjubkan... Perjalanan jauh namun sangat membahagiakan... pertama kali melintasi suromadu.. wow banget..
Dan tiba di tanah Madura yang ramah dan bersih.. hingga sampai pada makam â€¦"
"Binti Kuni Zakiyah","4 bulan lalu","Alhamdulillah kemarin hari minggu pertama kali saya kesini tapi alangkah disayangkan tempat wudhu wanita yg kurang terawat padahal berbayar. Penjaganya pun sangat tidak sopan ketika menagih uang dengan berteriak seperti saya mau mencuri â€¦"
"Rizka Laila","11 bulan lalu","Masjidnya bagus, luas, bersih, bangunan tampak megah dan nyaman, namun kamar mandinya kurang bersih, semoga lebih ditingkatkan lagi, supaya peziarah makin nyaman"
"Asiyah Kurnia","4 tahun lalu","Makam Mbah Kholil terdapat di Bangkalan Madura tempat ini sangat mewah dan mempunyai interior serta eksterior yang sangat indah seperti masjid-masjid yang ada di Turki. Makam ini sangat mudah dijangkau dan terdapat di Google Map sehingga â€¦"
"ALEXA KUE","sebulan lalu","Bagus rapi bersih.aman dan nyaman..cocok untuk beribadah"
"Ade Puspita Sari","2 tahun lalu","Tempat wudhu dan masjid bangunan terpisah jadi saya sarankan bawa sandal jepit biar nyaman dan bawa mukenah sendiri dikarenakan mukena masjid terbatas"
"Nanang Irawan","9 bulan lalu","Masjidnya sangat bagus,bersih tidak ada kotoran,sangat terawat"
"Nophie Ayyu","5 tahun lalu","Tempat ziarah yang terkenal di kota Bangkalan Madura..Banyak bus pariwisata yang datang. Para peziarah datang dari berbagai kota di Indonesia. Masjidnya luas dan nyaman banget. Betah untuk berlama2 disini. Trus ada juga mata air yang di â€¦"
"KOKO JONEGOROCK","2 tahun lalu","Salah satu makam Ulama terkemuka di Pulau Madura,
Selalu penuh dengan para Peziarah selama 24 jam.
Untuk oleh-oleh jangan lupa beli pisau, sabit, atau lainnya dijamin kualitasnya bagus ğŸ‘ â€¦"
"Marhamah","2 tahun lalu","Tujuan pertama memasuki pulau Madura. Ngaji dan refleksi, berdzikir dan berdoa. Pengunjung selalu berdatangan. Fasilitas baik,kamar mandi dan tempat wudhu ada banyak. Sayang sekali untuk parkiran mestinya diatur dengan baik dan dipaving di bagian utara agar memudahkan kendaraan yang lalu lalang."
"Lailatul Fitriani","setahun lalu","Masyallah tabarrakallah, ini memang bukan tempat wisata melainkan masjid yang ada makan Syaikona KholilğŸ™ğŸ¼ğŸ˜­ luar biasa selalu padat dengan peziarah, disini cukup bayar parkir dan untuk fasilitas kamar mandi dll sekarang sangat banyak dan bersih. Suka sekali bisa khusyuk dalam beribadah. â€¦"
"Muhammad Zainul Arifin","2 tahun lalu","Bersih, rapi dan parkiran super luas.
Rekomendasi sekali beli sate ayam Madura di tempat ini 15 K untuk 1 porsi.
Cuman kenapa toilet masjid harus berbayar...."
"ims barokah","5 bulan lalu","Al Fatihah
Alhamdulillah..sudah tiga kali berziarah ke makam ini"
"Cholid Mawardy","2 minggu lalu","Tinggal nyebrang via suramadu"
"Hajir Ajhie","setahun lalu","Alhamdulillah bisa ziarah..semoga pengurusnya selalu di berikan keberkahan dan kesehatan..aamiin â€¦"
"Irfian Way","2 tahun lalu","Salah satu pelaku sejarah tentang sesepuh ulama di madura bahkan indonesia dan menjadi rujukan para guru besar  tentang sudut pandang dalam agama dan amaliah nya... â€¦"
"EDI SULISTYONO","5 bulan lalu","Jamaah Yasin dan tahlil desa Ledok, Sambong, blora"
"Deddi Effendi","setahun lalu","Makam keramat dari maha guru mbah kholil.
Terletak sekitar 3 KM dari kota Bangkalan atau sekitar 10 KM dari jembatan suramadu. â€¦"
"Imam Syibli","3 tahun lalu","Syaikhona mohammad kholil bin abdul latit adalah  gurunya para ulama dan tokoh-tokoh besar di indonesia khususnya pulau madura dan jawa ğŸ˜
Semoga kita semua mendapatkan barokah n manfa'at ilmu dr beliau aamiin ğŸ¤²ğŸ¤²ğŸ¤² â€¦"
"Fitria Chen","2 tahun lalu","Tempat tujuan wisata religi yg menyenangkan. Syaikhona mbah kholil.asjid bagus, tempat ziarahnya jg bersih dan rapi. Dan tidak bikin gerah areanya"
"Kang Aly","setahun lalu","Bagus indah semunyalah pokok nya...
Buat spot fto juga menarik..... Tpi jajananya mahal2.... Hehee...."
"Ashabul Khofi","6 tahun lalu","Ø³Ø¨Ø­Ø§Ù† Ø§Ù„Ù„Ù‡

tempat ziarah/wisata religi nyang paling nyaman, â€¦"
"M Junaidi","3 tahun lalu","Makam syaikhona muhammad kholil, Bangkalan, Madura.
Beliau adalah guru para pendiri organisasi masyarakat (ormas) islam.
Selain belajar tentang sejarah, disana kita juga bisa berdoa kepada Allah. â€¦"
"Farchie TV","sebulan lalu","Rutinan tahunan, sekaligusmampir sinjay"
"Arifin","setahun lalu","Kisah Syaikhona Kholil Mengubah Arah Kiblat Masjid

Pada SÏ…Ğ°tÏ… Ò»Ğ°Ğ³Ñ–, Kyai Kholil Ñ•ĞµÔĞ°ng melihat masjid ÑƒĞ°ng Ñ•ĞµÔĞ°ng dibangun oleh â€¦"
"penggemar kucing","7 bulan lalu","Tujuan salah satu wisata sejarah sekaligus religi.."
"Helmi Kurniawan","4 tahun lalu","Ketika anda berada di pulau Madura jangan lupa untuk ziarah ke makam Mbah Kholil Bangkalan. Semoga perjalanan kalian di ridhoi Allah. Aamiin"
"Anton Efendi","sebulan lalu","Tempat luas tapi tempat parkir dan PKL tidak tertata rapi, jalan banyak berlubang"
"kieky chello","setahun lalu","Alhamdulillah bisa Sholat subuh di sini. Dan pertama kali ini saya ziaroh ke makam mbah kholil bangkalan.."
"Fie Da","setahun lalu","Selalu suka ke tempat ini. Masjidnya adeem dan bagus."
"Dimas Video Art","setahun lalu","Makam salah satu Ulama besar yang ada di Jawa Timur... Tempatnya adem, sejuk, cocok untuk bermunajad kepada Allah...."
"novia nophek","6 bulan lalu","Kesana naik sepeda motor, kaget banget byr parkir 4ribu coiii, ngalahin parkir mall. Udah gitu gak ada karcis/tanda bukti. Fix duit parkirnya ditilep gak masuk ke pemda. Apa gunanya aku bayar parkir berlangganan."
"á´‹Êœá´€ÉªÊ€á´œÊŸ Ê™á´œêœ±á´›á´€á´Éª á´¡á´€á´ŠÉª","4 tahun lalu","Kebanggaan Bangkalan Khususnya, Tempat Paling Ramai Didatangi Pengunjung dalam Setiap Harinya di Bangkalan,, Pengunjung Datang dan Pergi Silih Berganti,, Selanjutnya Peziarah ke Batu Ampar Sampang atau Langsung Menuju Kota Sumenep yaitu Di Asta Tinggi Makam Raja Raja Sumenep,, Dilanjutkan ke Asta Sayyid Yusuf di Pulau Talango,, Oke.."
"Izuaf Mamuh","3 bulan lalu","alhamdulillah bisa sowan lagi"
"Dira Book Shop","setahun lalu","Tempat ziarah luas, parkir bus tersedia disebelahnya. Banyak yg jual sate, pisau, oleh2 kerupuk, baju madura dll. Tempat wudhu banyak. Makam dekat banget tempat shalat."
"mahmadah aslich","5 tahun lalu","salah satu ulama besar jawa yang berdakwah di tanah madura, sangat masyhur dengan kiprahnya dalam penyebaran agama islam, menjadi teladan untuk kita semua, setelah wafatnya pun masih bisa memajukan ekonomi untuk masyarakat sekitarnya, pengaruhnya tak lekang oleh waktu"
"Alfian Prasetyo","setahun lalu","Bagi yang mau berziarah ke tempat ini usahakan pintar2 memilah Milah penjual barang seperti pedang dll karena kadang beberapa harganya gak masuk akal"
"Imam Syafiih","2 minggu lalu","semoga bisa kesini lagi"
"Jeffry Risandy","setahun lalu","Wisata Religi, Ziaroh Makam Muhammad Syaikhona Kholil Bangkalan adalah salah satu tempat wisata yang berada di Kampung Senenan, Desa Kemayoran, Kecamatan Bangkalan, Kabupaten Bangkalan, ujung Barat Pulau Madura, Jawa Timur, Indonesia. â€¦"
"Syahid Al-muniri","6 bulan lalu","cocok buat referrnsi jama'ah ziarah ke wali Allah dan ulama terkenal MADURA karena lokasi tersedia dengan suasana yang asri dan parkiran luas buat semua jenis kendaraan para peziarah."
"Ika Handayani Setiawati","setahun lalu","Ziarah ke makam adalah salah satu remainder kita tentang kematian.... Apalagi ziarah ke makam waliyullah... Bisa membawa berkah untuk semuanya"
"Hobi Traveling","setahun lalu","Indah banget masyaallah semoga bisa kesana lagi ngalap berkah"
"yazid basthomy","setahun lalu","Wisata religi,
Makam berada di dalam masjid,
Sebrang masjid terdapat Kawasan belanja oleh-olrh khas Madura,"
"Virna Ardila","4 bulan lalu","Tempat paling tenang"
"MUNASA MUNASA","setahun lalu","Makan Mbah Kholil terletak sebelah kanan masjid. Mbah Kholil Bangkalannini adalah seorang waliyullah dan guru dari para ulama besar salah satu muridnya adalah mbah Hasyim Asyari salah satu pendiri NU. Masjid disini bersih dan indah sekali, parkir mobik juga dekat dengan area makan jadi jalannya pun tdk capek"
"denny oi","2 tahun lalu","Tempatnya sangat bagus. Banyak toiletnya. Ada banyak penjual makanan juga dan parkir luas"
"Ahmad Zaini","setahun lalu","Tempat ziarah makam saykhona Kholil Bangkalan. Tempat luas. Gmpang di jangkau. Area parkir luas. Alfatihah"
"edita 351","setahun lalu","Masjidnya bagus
Semoga bisa kesini lagi"
"Minnatika ilfa","4 tahun lalu","Makam nya terletak di dalam masjid, masjid nya bersih dan luas are parkir pun luas, toilet dan kamar mandi banyak, apalagi pedagang nya bejibun, jangan lupa beli oleh2 khas madura yah gaes"
"Satria Bersarung","4 tahun lalu","Syaikhona adalah Salah satu sejarah awal dari kiyai nusantara...
Yg sampai saat ini makam beliau sangat padat peziarah yg datang kesini...bkn hanya dr pulau madura jawa saja yg kesimni... bahkan nama beliau sangatlah masyhur â€¦"
"Azzam Rabbani","setahun lalu","Bagus tempatnya, tertata rapih

Baik dari parkiran dan tempat ziarahnya"
"Just Abdoe","setahun lalu","Tempatnya nyaman,bersih, mantap untuk berziarah sambil bertafakur"
"ahmadrifa'i","11 bulan lalu","Tempat yang indah selain untuk ziarah dan ibadah, juga disediakan untuk translite/istirahat"
"ira afira","5 tahun lalu","Tempat Nyaman banget untuk mendekatkan diri sama Allah SWT.
Betah duduk lama di Masjidnya...
Parkirnya juga luas..."
"Anjiz Fajriyanto","5 tahun lalu","Makam salah satu tokoh ulama besar yang berada di wilayah Bangkalan, Madura. Makam mbah kholil yang merupakan salah satu ulama wali allah yang memiliki banyak sekali karomah yang luar biasa. Makam berada di dalam masjid yang sangat bagus dan juga luas banget. Selalu ramai oleh para peziarah dari berbagai wilayah dari tanah air."
"Irma Yanti","7 bulan lalu","Baru ini aku ziarah ngambil wudhu dikenakan tarif,bukan masalah 2rb peraknya si .. masalahnya tempat wudhu yg pria,bagus,posisi ada di luar terbuka dan tidak berbayar sedangkan tempat wudhu wanita tidak layak karna disatukan dengan toilet â€¦"
"Unni Araasshoo","sebulan lalu","Alhamdulillah malam 27 ramadan bisa kesini"
"M BADRUS SALAM","setahun lalu","Alhamdulillah di pejarahan syeh Holil Bangkalan Madura ,,hatam 30juz Alquran bersama rombongan jiarah majlis ta'lim muhib'bin bogawati Serang Banten"
"Maria Ulfa","setahun lalu","Ziaroh makam Mbah Kholil bersama siswa kelas VI MI Ma'arif NU Bebekan."
"Sultan Hasanju","5 bulan lalu","Tempat yg selalu ramai peziarah"
"Genteng Nglayur","setahun lalu","Tempatnya nyaman, parkirannya luas, akses mudah"
"agus agate","sebulan lalu","Tempatnya nyaman, parkir luas, air wudhu bersih"
"Devi Ayugi Rukmana","4 bulan lalu","Tempat ziarah yang selalu ramai."
"Alfian Khaibar","2 bulan lalu","Makam syaikhona kholil bangkalan."
"Kang Har86","5 tahun lalu","Tempat keramat yang mesti dijaga baik-baik. Banyak nilai sejarah yang perlu dipelihara, jangan sampai dikelola oleh orang-orang yang tak bertanggung jawab."
"Raden Bagus Wahyudi","4 bulan lalu","Alhamdulillah bisa datang silaturrahmi dan berziarah"
"Muhammad Akmal","4 tahun lalu","Untuk menambah wawasan dan spritual. Beliau juga mediator pendiri organisasi NU, serta karismatik beliau dan kekuatan spritual beliau di harapkan bisa menjadi perantara terkabulkan doa kita kepada Rabbul semesta alam."
"Erika Nageba","2 tahun lalu","tempatnya enak dan nyaman banget, enak buat istirahat juga. halaman luas, parkiran luas, kamar mandi bersih dan banyak, tempat wudhu juga banyak, banyak penjual oleh-oleh atau makanan, sate apalagi."
"Riha Rahma Mufida","4 tahun lalu","Salah satu tempat berziarah yang berada di kabupaten Bangkalan. Letaknya strategis berada di pusat kota Bangkalan. Tempat ini merupakan tempat berziarah untuk umat muslim. Tokoh yang disemayamkan di tempat ini yaitu KH. M. Kholil atau â€¦"
"Muhammad Rasulullah","2 bulan lalu","Ngalap Barokah Syaikhona Kholil Bangkalan"
"an teng82","3 tahun lalu","Tempat parkir bus kotor..
Masjid bersih..makam didalam masjid."
"Khoirun Nisa'","7 bulan lalu","Masyaallah indah sekali, sejuk dan ramah lingkungan"
"Widodo No name","4 bulan lalu","Bikin hati tambah adem ayem"
"Fajar Setiawan","4 tahun lalu","Jam 12 malam, Makam mbah kholil bangkalan tetap rame peziarah"
"fitri fairuz","3 tahun lalu","Masjid yang indah, halaman parkir yang luas, dan terdapat tempat untuk berbelanja makanan dan olehÂ² khas Madura"
"MASGIE CLOTHING","2 bulan lalu","Setiap hari rameee"
"Laylul Munawaroh","3 tahun lalu","Masjid yang begitu indah. Wisata religi di akhir bulan Sya'ban. Semoga semua doa diberkahi dan dikabulkam Allah SWT. AMIIIIN."
"nurachman yusuf","4 bulan lalu","Tempat adem suasana sejuk tempat lokasi sangat bersih petugas ramah sangat sempurna buat peziarah"
"Rizqy Harvin Alfan","2 tahun lalu","Sepanas2nya Madura, begitu masuk sini langsung adem. Untuk parkir bayar seikhlasnya dimasukin kotak"
"Zahra LeyZah","setahun lalu","MasyaAllah... Tempat waliyullah,.
Tempat bersejarah, insyaAllah pinaringan keberkahan,."
"Arif Abidin","2 bulan lalu","Parkiran luas banget"
"Drum Band Putra Tunggal Karang Jati","9 bulan lalu","Sangat senang bisa ziarah langsung sama istri"
"Achmad Saefudin","5 tahun lalu","Makam ulama masyhur nusantara, sangat berperan penting terhadap berdirinya ormas NU, tempat luas, kamar mandi bersih tempat parkir luas"
"Halusinati","6 tahun lalu","Salah satu makam yg terkenal masih asli dengan wangi melati. Maasyaa Allah"
"Jhonyopick 89","10 bulan lalu","Pengelola disarankan Untuk toilet kawasan masjid dan makam lebih dijaga dsan ditingkatkan kebersihannya dan tidak dipungut biaya, Apabila berbayar sediakan toilet yang kondisinya lebih baik dan bersihğŸ‘dikawasan berbedağŸ‘Œsupaya peziarah benar benar nyaman dan suciğŸ™ â€¦"
"Nyinoy tour & travel","3 tahun lalu","Tempat yg nyaman dan parkir luas, membuat pengunjung selalu membludak di makam mbah kholil bangkalan madura, yang berlokasi dibelakang masjid."
"B. M. Junaedi","5 bulan lalu","Salah satu Tempat wisata religi terbaik. Bebas pengemis deket parkiran bus"
"Ila Muizza","3 tahun lalu","Tempat bersih. Parkir luas. Bisa beli suvenir di sini."
"Andi Ajeng","4 tahun lalu","Makam mbah kholil tepat berada di sisi kanan masjid ...tempat ini ramai di datangi peziarah dari seluruh pelosok negeri ...parkiran depan masjid cukup luas tp di seberang masjid ada juga parkiran tambahan utk mengantisipasi  lonjakan peziarah"
"Devindria Os","2 tahun lalu","Ulama'nya Ulama' syaikhona  Kholil Bangkalan Madura,turun dr bus langsung disambut pedagang sateğŸ‘ğŸ‘,namun yg paling mengesankan,pedagang dan area ziarah agak jauh jd tidak mengganggunya ke khusu'an berziarah.the best lahhâ¤ï¸â¤ï¸â¤ï¸â¤ï¸ â€¦"
"Herrie Schupriyantho","9 bulan lalu","Ziarah dideket rmh mertua barengÂ² keluarga besar."
"Deddy Purwanto","2 tahun lalu","Tempat yang selalu ramai di kunjungi para peziarah, salah satu wali Allah,Ulama,kyai sekaligus gurunya para kyai besar di Indonesia."
"ahmad 318","3 minggu lalu","Kesini antar Bapak bos ziarah"
"Anvi Ridatus","setahun lalu","Kesini karena 2 hal. Pertama waktu dengar biografi beliau dari kajian dan saya berdoa agar suatu hari bisa mengunjungi makamnya. Kedua karena sibuk nugas bikin laporan tes Rosarch, hingga ditegur kok ngga pernah ziarah ke sunan ampel, â€¦"
"Rifky pratama","10 bulan lalu","Alhamdulillah bisa ziarah ke makam gurunya para guru"
"Sri Utami","setahun lalu","Tempat ziarah sekaligus tempat ibadah yang nyaman"
"ninik ariati","3 minggu lalu","Luas banget tempatnya, sangat strategis"
"Abd Roqib Ridwan Abidin","11 bulan lalu","Merupakan makam salah satu wali allah yang berada dimadura"
"Sir_Ahmad Fauzi","4 tahun lalu","Tempatnya Megah dan Sangat Artistik...
Recommended banget dah pokoknya"
"winda sari","setahun lalu","Rasanya saya ingin selalu disini, suasananya meskipun ramai tapi terasa menenangkan."
"Yudhi Indarwoko","11 bulan lalu","Masjid dan sekitar luas, bisa menampung banyak peziarah. Sayangnya area parkiran kurang tertata penjual dan kurang terjaga kebersihan dari sampah sampah pengunjung"
"Hoed Maxmoer","setahun lalu","Tempat Ziarah nyaman

Warga n PKL ny ramah"
"Ima Rahmawati","10 bulan lalu","Posisi makam masih di area masjid..jadi abis sholat bisa langsung ke makam..mudah""an segala penyakit n rasa sakit yg Qderita beserta keluarga lekas sembuh total..kembali sehat wal'afiat..aaamiiinnn"
"Agus salim","setahun lalu","Tempat bersih & luas. Wali Allah, Guru Para Ulama Besar Nusantara."
"Siti nur Faizah Official","5 bulan lalu","Bagus tenang"
"wahyu wibowo","10 bulan lalu","masjid yang baik bersih dan nyaman"
"Dina Anggraeni","11 bulan lalu","Berkunjung ke bangkalan, makan syekh kholil madura.
Sudah pasti panas ya jatim, skarng ramai bnyk yg jualan, kebersihan juga sdikit mningkat, bnyak prubahan yg menarik + air yg pnting krena bnyk peziarah ya biar â€¦"
"Zaenal Mustofa","setahun lalu","22 - 01 - 23
Makam Mbah Kholil"
"Maini Ahmad","4 tahun lalu","Alhamdulillah sampai jua ziaroh ksini,, Mudahan kita bertaan dapat berkat sidin.. Amin ya rabbal alamin..."
"Fahima Charisa","setahun lalu","Masjidx megah,banyak yg jual makanan n oleh2 khas madura"
"rizki rachmansyah","2 tahun lalu","Salah Satu Tempat Wisata Religi di Pulau Madura"
"divisi keuangan","4 tahun lalu","Semoga bisa rutin ziaroh ke makam syaikhona kholil, aamiin"
"Muhammad Ainul Yaqin","2 tahun lalu","suasanya damai dan tenang bisa dapat berkunjung selalu kesana"
"Mangku Negoro","4 bulan lalu","makam ulama besar.... mahaguru Kyai2 Nusantara abad 18-19"
"Suhairiyah Umar","6 bulan lalu","Smoga dapat barokah x.. Aamiin"
"Putri Ayu S. Sos","setahun lalu","Yang disayangkan sangat sangat disayangkan adalah, tidak menjaga kebersihan di area parkir mobil & bus, sampah berderakan dimanaÂ² sampai sampah membusuk banyak lalat besarÂ², ada tong sampah dimanaÂ² panuh penuh berserakan, beberapa titik â€¦"
"Naim Ach","6 tahun lalu","Dimanapun kita berada disitulah kita harus berjuang, Ikutilah Jalur Para Wali yang menyebarkan Agama islam tidak hanya disatu tempat melainkan diseluruh Indonesia."
"beny hasyim","5 bulan lalu","Tempat yg menenangkan"
"Ija ija (Eja)","setahun lalu","Entah kenapa pengalaman wisata religi di sini kental banget suasana pesantrennya. agak berbeda dari ziarah makam waliyullah lainnya. ketika waktu sampai pertama kali kami tidak menemukan satu orang pun peminta-minta bahkan sampe masuk â€¦"
"Andreas Matulandi","3 tahun lalu","Tempat istirahat dan tempat menyejukan diri yang baik"
"Ajhoes eL","11 bulan lalu","Tempatnya sangat nyaman bagi para peziarah.."
"ika fajriyatul","3 bulan lalu","Nyaman untuk berdoa di dlm masjidnya,"
"Arif Lukman Hakim","5 tahun lalu","Di dalam masjid ada suasana yg bs membuat hati tenang... dan nyaman ranyanya tidak ingin pulang"
"Farid Mohamad","5 tahun lalu","Wisata religi yang menentramkan. Salah satu guru dari para ulama nusantara.."
"Gandang Lelono","4 bulan lalu","mantap
bebas pengemis yg meresahkan pengunjung."
"M. Muharrom Maghroby","4 tahun lalu","Lokasi makam dengan fasilitas cukup lengkap. Ada masjid yg cukup besar, halaman parkir luas, serta tempat belanja untuk oleh2"
"Luluk Mursyidah","setahun lalu","Jika di semua kamar mandi di masjid pada umumnya setelah memakai tidak membayar berbeda dengan di masjid bangkalan
Kalian harus mbayar se ikhlasnya setelah memakai fasilitas kamar mandi umumnya."
"Taufiq Kediri","seminggu lalu","Wisata Religi bikin Adem HatiğŸ¥° â€¦"
"Rizka Taher","9 bulan lalu","Syaikhona Muhammad Kholil adalah seorang ulama besar asal Bangkalan, Madura, Jawa Timur. Ulama yang berumur 105 tahun saat meninggal dunia pada tahun 1925 tersebut merupakan ulama kharismatik yang memiliki ratusan murid, di antaranya adalah ulama-ulama besar Nadhatul Ulama di Jawa dan Madura."
"Maqi Aljew","2 tahun lalu","Insyallh..mudah2n bisa ziarah lagi ke sini..amiin.ğŸ™ğŸ¤² â€¦"
"Chandra Adhitya Pratama","3 minggu lalu","tempat peziarah yang ramai suasana adem"
"Fahimatul Ilmiyah","setahun lalu","Wisata religis yang wajib dikunjungi kalau main ke Bangkalan."
"Resep Bu Tati77","11 bulan lalu","Kamar mandi dan tempat wudhu sangat luas. Makam juga bersih.parkiran mobil snagat luas.harga makanan yang disajikan sangat terjangkau."
"Kak fit","4 bulan lalu","Ngalap barokah. Semoga di akui sebagai santri syaikhona. Aamiin"
"Maz Xameth","setahun lalu","Sarana prasarana untuk para peziarah lengkap, kamar mandi banyak dan terawat, tempat widhu luas, area parkir luas, depot makan dan jajanan selalu ada yang buka jam berapapun sampai disana. Mantap!!."
"Herman Marzuki","setahun lalu","Makam dan Masjid Syaikhona Kholil Bangkalan.

Pulau Madura yang mempunyai posisi geografis di Laut Jawa ini memang membuatnya â€¦"
"Salman Choiri","setahun lalu","Peziarah semakin nyaman bi karomati Syeikhona Kholil...alfatihah"
"Guruh Wahyu Pamungkas","setahun lalu","Tempat wisata religi.
Masjidnya bagus, indah dan luas.
Sayangnya parkirnya mahal 5ribu padahal cuma mampir bentar.
Saran untuk pengunjung jaga kebersihan dan jangan buang sampah sembarang an"
"yulianariskianto 99","setahun lalu","Siang malam pagi sobre selalu padat peziarah"
"Muhammad Ahdi","setahun lalu","Senang dan bersyukur sekali bisa berkunjung kesini"
"Rachman Evendy","6 tahun lalu","Bangunan masjid keren,,dalam masjid juga bersih,selalu ramai peziarah,akses kesini terbilang mudah untuk mobil maupun bus,,"
"Hasan Basri","3 tahun lalu","Salah satu makam dari Guru pendiri PonPes Lirboyo Kediri.
Mbah Abdul Karim dulunya adalah murid dari Syaikhona Kholil"